actual,predicted,error
12988.384379755264,28841.120588820573,-15852.73620906531
12786.21876186201,34549.316302007435,-21763.097540145427
13054.982648753754,37784.94074637724,-24729.958097623483
13354.36047311418,38629.528910333946,-25275.168437219763
14032.420621090994,38350.45472316407,-24318.034102073074
4416.985496564466,4258.560947505712,158.42454905875456
4607.576996564466,4257.957503020667,349.61949354379885
4593.694496564465,4253.62774004647,340.0667565179956
4521.1145965644655,4342.490806615221,178.62378994924438
4411.888496564467,4431.468382145551,-19.579885581084454
63745.0117,65603.3542173097,-1858.3425173096912
62934.0054,75698.54649337969,-12764.541093379688
68653.8782,79228.2102447458,-10574.332044745795
69132.89970000001,83328.07988821458,-14195.180188214566
69603.09300000001,84928.6735736062,-15325.580573606188
5704.352626058956,5707.677399658452,-3.324773599495529
5708.006826058956,5695.16285083209,12.84397522686595
5706.879926058956,5745.533300842359,-38.653374783402796
5706.896226058956,5821.7951084061815,-114.89888234722548
5708.186226058956,5861.487349934094,-153.30112387513782
5147.727167710927,5143.271316480914,4.45585123001274
5601.406658893659,5142.129200070908,459.2774588227512
5606.13025889366,5141.558810681808,464.57144821185193
5603.087358893659,5141.795869987261,461.2914889063986
5599.108258893659,5142.4016443345345,456.7066145591243
103598.0643635196,87379.82340655044,16218.240956969166
111653.99674048553,83021.94807325029,28632.04866723524
94969.78590201391,80515.83381645853,14453.952085555386
107670.58619684464,77185.51372510137,30485.072471743275
101188.17704365682,70691.27120423825,30496.90583941857
12032.023364286448,12028.790725286452,3.2326389999961975
12028.260464286446,11977.755638048378,50.504826238067835
12029.149464286447,11977.755638048378,51.39382623806887
12031.525564286449,11977.755638048378,53.769926238070184
12029.893964286448,11970.281162347395,59.61280193905259
2640.490226947564,2633.71817271886,6.772054228704292
2643.698126947563,2631.5874129013882,12.110714046174962
2653.713026947564,2617.94651995038,35.76650699718357
2658.546326947564,2612.8753886754953,45.670938272068724
2666.2740269475635,2612.4450876754954,53.828939272068055
145331.541,172167.6908336221,-26836.149833622098
150735.5518,171389.26706191862,-20653.715261918638
145282.35599999997,171782.55705091864,-26500.201050918666
144755.77550000002,171759.35165591867,-27003.57615591865
148030.69139999998,171759.35165591867,-23728.660255918687
4031.991096564466,4049.451637264935,-17.46054070046921
4106.878296564465,3997.510569264936,109.36772729952918
4292.813396564465,3997.510569264936,295.3028272995289
4376.083796564465,4001.4212992649354,374.6624972995296
4483.328796564465,4063.2832126701414,420.0455838943235
6357.130161132238,6358.892843121766,-1.7626819895285735
6359.988161132238,6358.892843121766,1.0953180104716012
6361.568861132238,6358.892843121766,2.676018010472035
6363.441061132238,6358.892843121766,4.548218010471828
6139.976034417447,6358.892843121766,-218.916808704319
150039.96430000002,146383.09181399998,3656.8724860000366
189615.042,146383.09181399998,43231.950186
187679.2303,146383.09181399998,41296.13848600001
178990.15370000002,146383.09181399998,32607.06188600004
146096.21740000002,146510.12637435694,-413.9089743569202
36690.56002358368,30186.550809671004,6504.009213912679
35730.60739169322,29744.719543711315,5985.887847981907
33402.42089005272,29429.585292172997,3972.8355978797263
35673.73852358368,29839.651543422588,5834.08698016109
33217.93682358368,29661.463422674326,3556.4734009093554
11191.798926733638,10933.798781010344,258.0001457232938
10996.703765794666,12270.753804310843,-1274.0500385161777
11275.637465794664,13735.511479763116,-2459.8740139684523
11715.667565794663,16008.56848996394,-4292.900924169277
11481.724765794666,17927.70199872267,-6445.977232928004
2870.1724082573533,2866.9351144525886,3.237293804764704
3036.840708257353,2841.3409731215356,195.49973513581745
2833.169808257353,2834.384699711948,-1.2148914545950902
2862.283608257353,2837.4062180349993,24.877390222353824
2876.6183082573525,2842.519864597848,34.09844365950448
7309.62707646444,7068.598642336314,241.0284341281258
7454.99587646444,7366.59163663376,88.40423983068013
7564.502676464439,7415.101403758222,149.40127270621724
7986.553276464439,7467.314891032371,519.2383854320678
8470.120243168907,7189.481962030031,1280.6382811388758
96416.93204981816,137725.349654175,-41308.41760435683
99757.80940143428,139171.0115107699,-39413.202109335616
100527.21345724822,139228.66280816725,-38701.449350919036
101091.06725724824,138060.06193472422,-36968.994677475974
102031.1395311612,139023.46953485857,-36992.33000369737
1806.637435405652,1888.1424733445022,-81.50503793885014
1821.6596354056512,2074.678805610621,-253.0191702049699
1824.744235405652,1993.3594980815415,-168.61526267588943
1869.199204992216,1938.728124373507,-69.52891938129096
1872.2008421664484,1938.6859201452119,-66.48507797876346
43487.142878472456,46287.37143563184,-2800.228557159382
44371.63027847243,46550.331534763856,-2178.701256291424
44758.42917847244,48083.41336306272,-3324.9841845902774
47216.22017847245,45296.76955425293,1919.4506242195203
48655.19707847243,38519.59270736209,10135.604371110341
38063.00462208492,42091.18435117003,-4028.17972908511
38016.63642208492,47411.88157752478,-9395.245155439858
39034.957822084914,48284.63652604645,-9249.678703961537
37653.04852208492,48284.432812393745,-10631.384290308823
35748.01982208493,48284.432812393745,-12536.412990308818
11680.72705619329,11915.845473977955,-235.11841778466624
11780.644456193288,11915.845473977955,-135.20101778466778
11621.130056193291,11915.845473977955,-294.71541778466417
11819.28145619329,11915.845473977955,-96.56401778466534
11956.50305619329,11915.845473977955,40.657582215335424
16037.380502247704,18290.398057779657,-2253.017555531953
16092.225022853692,19087.816418744558,-2995.591395890866
16560.638222853693,18815.902812652592,-2255.2645897988987
16797.09422285369,18626.629619956202,-1829.5353971025106
16802.215622853695,18775.305453160403,-1973.0898303067079
10217.483142337474,10265.548437594005,-48.06529525653059
10209.676342337476,10213.518270401108,-3.8419280636317126
10212.575842337475,10130.412014039368,82.16382829810755
10203.233942337476,10105.993719972352,97.24022236512428
10202.050042337476,10105.988127972352,96.06191436512381
3802.799134033,3768.6481728869862,34.15096114601374
3836.081234033001,3768.6481728869862,67.43306114601455
3802.132834033,3768.6481728869862,33.48466114601388
4282.132097716104,3755.488966886986,526.643130829118
3994.1391340330006,3785.943345355708,208.1957886772925
144685.25427546437,129815.2194337986,14870.034841665765
142587.60310750984,129815.2194337986,12772.383673711243
145093.8258075099,128818.22600863717,16275.599798872718
168991.34306712818,128818.22600863717,40173.117058491014
161893.36541794508,128818.22600863717,33075.139409307914
4928.717697011354,2997.356144786728,1931.3615522246264
5115.139397011355,3132.976077004194,1982.163320007161
5048.231497011355,3368.0684919406463,1680.1630050707086
5014.631397011355,3569.1484790144546,1445.4829179969006
5040.661278593365,3626.6928864348133,1413.9683921585515
45241.29239707087,46439.37389207092,-1198.0814950000495
48790.27459707086,46439.37389207092,2350.9007049999345
46491.60369707086,46439.37389207092,52.22980499993719
44880.72089707088,46439.37389207092,-1558.6529950000404
48340.911117617776,46439.37389207092,1901.5372255468537
788298.5803999999,713896.8477399993,74401.73266000056
806532.0663999999,713896.8477399993,92635.2186600006
771951.5558,713896.8477399993,58054.708060000674
795936.3005,713896.8477399993,82039.45276000071
814927.8645,713896.8477399993,101031.01676000073
14921.669319189632,14844.053044667085,77.61627452254652
14921.032919189633,14844.053044667085,76.9798745225471
14921.967919189632,14844.053044667085,77.9148745225466
14923.054019189633,14844.053044667085,79.00097452254704
14924.148119189633,14757.363554099558,166.78456509007447
7333.0815022893985,7779.339506220437,-446.25800393103873
6692.13509344023,7509.07229397714,-816.9372005369105
6834.845993440229,7504.184963227862,-669.3389697876328
7305.621782642313,7504.184963227862,-198.56318058554916
7638.711202289399,7496.780932098225,141.9302701911738
-20314.458800000004,273.42435599999885,-20587.883156000004
-18670.4818,273.42435599999885,-18943.906156
-17338.229199999998,273.42435599999885,-17611.653555999997
-16771.2806,273.42435599999885,-17044.704955999998
-22452.2934,273.42435599999885,-22725.717756
39637.91997881166,19645.865092794123,19992.054886017537
39916.030418153845,19751.3541842621,20164.676233891743
40035.13829659617,19786.640176901532,20248.498119694636
40581.475396596165,19779.21318334837,20802.262213247795
41089.66584979086,19801.868979903633,21287.796869887225
6334.997411298567,3158.460137381239,3176.5372739173285
6500.034911298565,3960.987146231723,2539.047765066842
6601.387411298565,4542.166487998262,2059.220923300303
6504.063011298568,5183.167037095763,1320.8959742028055
6469.546511298565,5248.212941174055,1221.3335701245096
1908.45021272466,1907.4827585930043,0.9674541316558134
1493.3218632986632,1929.0798415315494,-435.7579782328862
1502.5818632986634,1909.5736191191972,-406.99175582053385
1504.8343632986634,1893.820288773942,-388.98592547527846
1498.5796632986633,1874.250181906086,-375.67051860742276
60075.77299006373,92321.48171765862,-32245.708727594894
61906.93726321547,91279.2667823921,-29372.329519176623
61251.90497892004,91279.2667823921,-30027.36180347205
64500.306552441085,91285.43472866213,-26785.12817622105
65038.41511733966,90464.43528711914,-25426.020169779476
46438.92091686717,43698.95143229239,2739.96948457478
46217.036916867175,43447.24714407623,2769.789772790944
45852.75161686717,43659.53328485989,2193.21833200728
47272.27661686717,43562.058793391,3710.217823476174
48525.32371686716,43339.89026912694,5185.433447740223
232029.1120502917,328283.3429931944,-96254.23094290271
234261.45186399168,328283.3429931944,-94021.89112920273
236913.6070639917,328283.3429931944,-91369.73592920272
232683.44036399169,328283.3429931944,-95599.90262920273
232169.71021622844,328283.3429931944,-96113.63277696597
6545.1612222854665,6561.043774707563,-15.882552422096524
6550.1041222854665,6596.5161322352515,-46.41200994978499
6489.327736646022,6597.576493824016,-108.24875717799478
6500.953036646022,6506.193832004776,-5.24079535875353
6494.256936646022,6418.942076149582,75.3148604964399
85277.53176248117,74456.79613867647,10820.735623804707
75358.36186248116,74456.79613867647,901.5657238046988
74372.04316248116,74456.79613867647,-84.75297619530465
72171.08886248115,74456.79613867647,-2285.707276195317
70589.85346248116,74456.79613867647,-3866.9426761953073
55593.73387412376,52894.27017468167,2699.4636994420944
54361.5215793024,52898.012311722894,1463.5092675795095
55972.17328438607,52239.08538562305,3733.087898763013
55854.567384386064,51393.37513062555,4461.192253760513
58155.73998438607,50772.50058659202,7383.239397794052
32189.060466158284,32187.96381876553,1.0966473927546758
32189.060466158284,32187.96381876553,1.0966473927546758
32189.060466158284,32187.96381876553,1.0966473927546758
32189.060466158284,32187.96381876553,1.0966473927546758
24196.61869615617,32187.96381876553,-7991.34512260936
-29681.1494,-35813.17817447925,6132.028774479255
-26583.5903,-26356.623320479266,-226.96697952073373
-27489.0981,-19037.144590479278,-8451.953509520721
-27500.8816,-11359.065835312398,-16141.815764687602
-27842.44980000001,-2832.927962031047,-25009.52183796896
2797857.2412,2670039.110351996,127818.13084800402
2844803.7562999995,2670039.110351996,174764.6459480035
2919286.2561000003,2670039.110351996,249247.14574800432
2978585.2574000005,2670039.110351996,308546.14704800444
3115113.7483999995,2670039.110351996,445074.6380480034
13785.260138305164,13841.625205845223,-56.36506754005859
13552.360138305166,13803.691406757107,-251.33126845194056
13763.450738305164,13745.836346764265,17.614391540899305
13750.755038305164,13351.060062139988,399.69497616517583
13877.873438305163,13351.060062139988,526.8133761651752
3628.4660838041727,3901.3157783861548,-272.849694581982
3637.360483804173,3901.3157783861548,-263.9552945819819
3634.8617923893576,3901.3157783861548,-266.4539859967972
3643.4844844872814,3972.920452305926,-329.4359678186447
3637.6884923893576,3972.920452305926,-335.2319599165685
2720040.256,2617466.8528449996,102573.40315500041
2766926.6639999994,2631138.272410999,135788.39158900036
2840113.1285,2664846.801402997,175266.32709700288
2902693.1093000006,2656033.9233149965,246659.18598500406
3039089.0927,2656033.9233149965,383055.1693850034
69457.51151668817,73911.34067911925,-4453.8291624310805
69739.67681668817,74878.98045250567,-5139.303635817501
70671.64921668817,75027.03689900372,-4355.387682315559
67395.41931668816,76540.70411230778,-9145.28479561962
67406.92551668816,76777.05061099703,-9370.125094308867
142481.5989,121217.6403099004,21263.958590099617
142271.91610000003,118898.30816263428,23373.607937365756
148024.6596,118793.96290563425,29230.69669436576
147363.8735,117570.78752315734,29793.085976842645
149095.47200000004,117959.86110294885,31135.610897051185
4820.895005393527,5064.274881620679,-243.37987622715173
4216.593200246742,5477.776873710764,-1261.1836734640228
4828.669205393528,5513.430386107144,-684.7611807136163
4846.906405460193,5565.41055708404,-718.5041516238471
4634.346185746443,5571.908496098135,-937.5623103516928
17448.03263843007,14414.682771653017,3033.3498667770546
16690.154938430074,13879.338003750509,2810.8169346795657
17146.048138430077,13381.201032122794,3764.847106307283
17273.31433843007,13201.751814202844,4071.562524227227
16703.255538430076,13032.414840125019,3670.8406983050572
2536.281567575049,2580.7990052580326,-44.517437682983655
2536.438667575049,2580.747615258032,-44.30894768298322
2535.1981675750485,2669.4532113118566,-134.25504373680815
2534.1038675750483,2713.290533040898,-179.18666546584973
2530.1337675750483,2713.213110111175,-183.07934253612666
-1944.5795831328344,-488.8380834522513,-1455.741499680583
-1937.4841831328351,-76.3048112061623,-1861.179371926673
-1878.3260831328328,683.1531971667356,-2561.4792802995685
-1804.920583132834,1775.1404930254264,-3580.06107615826
-1986.498983132834,1819.574062415238,-3806.0730455480716
6072.873678889561,8158.027432192947,-2085.153753303386
6504.948203395475,8106.541879561149,-1601.593676165674
6068.7276788895615,7868.841645438324,-1800.1139665487626
6688.3666788895625,7901.724840340027,-1213.3581614504646
6563.925878889562,7803.880807576625,-1239.9549286870624
11544.7571469305,10211.11983457438,1333.6373123561207
11285.375624580774,13241.564668408833,-1956.1890438280589
11417.965824580771,13816.280665204677,-2398.314840623905
12214.64231593818,14935.688211807457,-2721.045895869278
11945.75344179419,14935.859415704732,-2990.105973910542
3177.265679171601,3034.63515725495,142.63052191665065
3304.405779171601,2841.0028033593226,463.4029758122783
3300.708479171602,2811.3027478897748,489.40573128182723
3319.572279171601,2755.1650664621043,564.4072127094969
3383.6540791716016,3739.1872170495362,-355.5331378779347
20892.705665271063,22000.19864431033,-1107.492979039267
21893.096165271058,22203.546395004912,-310.45022973385494
21826.460265271064,22045.722452352195,-219.26218708113083
21521.52896527106,22008.27295164621,-486.7439863751497
20769.817365271065,21885.537615496243,-1115.7202502251785
29148.50241298949,33338.91545218531,-4190.413039195824
30402.592943566266,33818.899982223695,-3416.307038657429
30207.56538270078,36319.139706540416,-6111.574323839635
30690.824273549264,39053.79580348287,-8362.971529933606
31268.276208791413,40741.42198344801,-9473.145774656597
702827.9754899819,695006.8102005657,7821.165289416211
701701.3314949928,695006.8102005657,6694.521294427104
691368.8310899822,695006.8102005657,-3637.9791105835466
697264.1819949929,695006.8102005657,2257.371794427163
698776.1618241013,695006.8102005657,3769.351623535622
20140.26378004807,17226.63550828242,2913.6282717656504
19199.41899535408,17243.844348701725,1955.574646652356
19434.94349535408,17170.63295557792,2264.310539776161
18369.964961572987,17138.416471408193,1231.5484901647942
16969.790485882924,17046.33688684065,-76.54640095772629
1452.757240941536,3760.290452989013,-2307.533212047477
1477.439540941536,4130.612752785669,-2653.1732118441328
1493.3894844570157,4142.35374010003,-2648.9642556430144
1511.1441844570156,4149.49290441246,-2638.3487199554447
1504.9348581688985,4232.1532739797685,-2727.2184158108703
1384.6114542512478,3580.547296093065,-2195.9358418418174
1380.917554251248,3660.2737862925483,-2279.3562320413002
1381.6685542512478,3657.4717830445943,-2275.8032287933465
1376.2308542512478,3651.440637904535,-2275.209783653287
1375.0205542512476,3727.878372411913,-2352.8578181606654
14708.718065794665,25034.567089217882,-10325.849023423218
14923.631665794665,26080.484267106614,-11156.85260131195
15398.878665794666,29648.95218617809,-14250.073520383423
16019.879465794664,29951.89158329319,-13932.012117498525
15774.874165794665,30319.17971163843,-14544.305545843765
47418.44779801802,37076.789624088946,10341.658173929078
46676.91347962192,36827.47758795226,9849.435891669666
46670.11059801804,36662.99924688799,10007.11135113005
46214.84327945391,37098.20505110757,9116.638228346339
46133.8270794539,42552.118475157964,3581.7086042959345
111431.36458229914,108107.71959573319,3323.6449865659524
115473.25598229916,107699.86010902637,7773.3958732727915
115928.92689869693,107064.5661063397,8864.360792357227
115464.1615959722,107436.15741237262,8028.00418359958
112999.71712425594,107940.9829233406,5058.734200915336
7787.041348051389,9494.628527624152,-1707.5871795727635
7741.569648051392,9725.551428221148,-1983.9817801697563
7920.200748051392,10332.48883669551,-2412.288088644117
8190.075148051392,10445.851905282329,-2255.7767572309367
8031.39444805139,10753.206526106991,-2721.812078055601
6629.515448184252,5963.957213592879,665.5582345913726
6652.770748184253,5782.444821223343,870.3259269609098
6633.974848184252,5325.313574697158,1308.6612734870932
6786.069248184253,5659.7475423638025,1126.321705820451
6819.589838319316,5631.987297138618,1187.6025411806986
4099.883240957247,5117.121613644143,-1017.2383726868957
4116.504640957247,5226.952359425298,-1110.4477184680509
4153.995640957247,5820.10132227134,-1666.105681314093
4159.229740957248,6100.029049540842,-1940.7993085835933
4185.167740957248,6125.149700806845,-1939.9819598495978
8016.500632216765,422.7016984055276,7593.798933811237
8126.391032216764,1205.988453512034,6920.40257870473
7973.937732216764,2790.774930058709,5183.162802158055
7785.918679303084,2767.034196036579,5018.884483266505
7506.125179303084,2786.629224524679,4719.495954778406
8355.019872453651,8302.738530343464,52.281342110187325
8532.301189226422,8302.738530343464,229.5626588829582
8570.90308922642,8292.04063845337,278.8624507730492
8712.537745167878,8277.26823724516,435.2695079227178
8605.572624936913,8270.862301374958,334.7103235619543
85858.8273719623,82765.84108967442,3092.9862822878786
87093.2819010229,83379.7650032859,3713.516897737005
87221.55813323114,82139.65591525583,5081.902217975308
92065.4289014804,85917.6741034344,6147.754798045993
94942.6659712466,86418.93104389541,8523.734927351194
14188.576118500196,14188.358242764934,0.21787573526125925
14188.586718500195,14181.371041243192,7.215677257003335
14188.256458277974,14181.371041243192,6.885417034782222
14188.460658277974,14181.371041243192,7.08961703478235
14188.190958277974,14230.59511150397,-42.4041532259962
3312.3598755273547,3312.957048527352,-0.5971729999973832
3372.677875527354,3310.992403527352,61.68547200000194
3376.0108755273545,3310.8052935273527,65.20558200000187
3356.635775527354,3288.2880458412524,68.3477296861015
3360.4993755273545,3234.72856821196,125.77080731539445
3787.5565352192734,3979.491524320614,-191.93498910134076
4032.834237456794,3987.0339459552297,45.800291501564516
4087.391537456794,3973.7345922899176,113.65694516687654
3556.7295185445805,3933.57204638024,-376.84252783565944
3279.792426370105,4034.7047136574943,-754.9122872873891
27314.75449882172,-22414.37103451816,49729.12553333988
27195.36369882172,-22414.37103451816,49609.73473333988
27563.69839882172,-21849.97462397872,49413.673022800445
27424.23177068795,-21667.658385209335,49091.89015589729
26106.62979882172,-21606.454855368822,47713.08465419054
110405.9396,111369.13960456425,-963.200004564249
110829.5323,111651.42046522204,-821.8881652220298
105977.8497,112484.76634519541,-6506.916645195408
95420.4517,112731.4125798532,-17310.9608798532
88599.5879,115576.9165791383,-26977.3286791383
2965.551141857805,2995.8960632589838,-30.344921401178908
2964.8224418578047,2975.157185315547,-10.334743457742206
2968.4870418578057,2975.198659315547,-6.71161745774134
2970.284641857805,2975.198659315547,-4.91401745774192
2965.564241857805,2975.198659315547,-9.634417457742074
10053.201153483384,9562.28034773285,490.92080575053296
10147.571219081026,9669.171498420888,478.399720660138
10079.632019081024,9744.687618042573,334.94440103845045
10226.65481908103,10995.187590617412,-768.5327715363819
10123.341719081029,11018.767510980531,-895.4257918995027
2794.3805639800294,3407.831145947034,-613.4505819670048
2810.431763980029,3393.003235467149,-582.5714714871201
2636.457963980029,3405.3223467895323,-768.8643828095032
2817.804663980029,3520.1441575718304,-702.3394935918013
2844.0012639800293,3455.223449763648,-611.2221857836189
6315.658197011355,6128.700336011359,186.95786099999623
6501.851297011355,6132.340228011359,369.5110689999965
6406.358797011356,6130.259263011358,276.09953399999813
7065.922397011354,6167.237073011358,898.6853239999964
7155.049297011356,6164.642010011357,990.4072869999991
197667.3890657789,196615.2193157759,1052.1697500029986
195625.60746577888,197170.9946103414,-1545.3871445625264
188788.27886577888,196079.16386619824,-7290.885000419366
179132.79056577888,194682.33429818254,-15549.543732403661
174192.6999657789,194376.30147337186,-20183.601507592946
-9189.501683132834,44846.8397005671,-54036.34138369993
-9355.087983132831,42939.18414753688,-52294.272130669706
-8887.437183132835,44376.00949099594,-53263.446674128776
-8222.224583132833,45016.84882229504,-53239.07340542787
-6426.298183132835,43462.024678143345,-49888.32286127618
5721.093526911323,6019.4472989273245,-298.35377201600113
5728.446826911323,6019.4472989273245,-291.00047201600137
5736.015126911323,6019.4472989273245,-283.43217201600146
5742.779736776259,6019.4472989273245,-276.6675621510658
5738.562126911324,6019.4472989273245,-280.88517201600007
28443.0024,29382.042079784776,-939.0396797847752
28138.878600000004,29790.80028195263,-1651.9216819526264
27100.8248,29474.815585256914,-2373.990785256916
26919.5617,30777.80201908893,-3858.240319088931
25054.373000000003,30987.15193306962,-5932.778933069618
5478.464338726347,5470.71085154207,7.753487184277219
5484.927138726347,5468.095475794441,16.831662931906067
5489.839738726347,5472.850792081363,16.988946644984026
5494.8423387263465,5474.59435699887,20.247981727476144
5498.100338726346,5479.444485325914,18.655853400432534
1533.2057437814149,1668.3594868721684,-135.15374309075355
1533.1787437814148,1668.3594868721684,-135.1807430907536
1350.2738955162408,1684.0433099236989,-333.76941440745804
1357.1605955162408,1699.7010620393971,-342.5404665231563
1348.9502955162409,1699.513655149722,-350.563359633481
4100.326291207339,3860.153092095963,240.17319911137565
4110.937817928718,3861.4693075996847,249.46851032903305
4112.068417928718,3861.311797599685,250.756620329033
4113.656317928718,3859.0412469517214,254.61507097699632
7088.568199229583,3858.9121949517207,3229.6560042778624
12931.410654823649,13088.853125749964,-157.44247092631485
12931.43015482365,13088.853125749964,-157.4229709263127
12931.45525482365,13088.853125749964,-157.39787092631377
12931.489554823647,13088.853125749964,-157.36357092631624
12931.522554823649,13088.853125749964,-157.33057092631498
16561.33614989194,21867.663069486436,-5306.326919594496
16237.607093652545,23675.238378781713,-7437.631285129168
16296.818393652542,26240.847980246595,-9944.029586594053
17385.133596258263,28339.589781963965,-10954.456185705702
17678.577031913537,28255.062487095125,-10576.485455181588
28106.67851129857,23854.787335427656,4251.891175870915
27511.641611298564,23554.334464873813,3957.3071464247514
26867.210511298566,23524.85025488949,3342.360256409076
28028.50431129856,22935.711248672902,5092.793062625657
28675.227711298565,22867.42459968434,5807.8031116142265
4465.496121231297,5316.639350829725,-851.1432295984278
3978.474093399299,5197.888528305893,-1219.4144349065937
4041.196093399298,5130.937730769582,-1089.741637370284
4074.469311298566,5091.399591974797,-1016.9302806762307
4070.817011298567,5130.656353860607,-1059.8393425620397
20774.71652894732,22991.097778268373,-2216.3812493210535
20851.605933389044,22991.097778268373,-2139.4918448793287
20887.00502894733,23009.453151733313,-2122.4481227859833
21134.253733389043,23009.453151733313,-1875.1994183442694
21143.273533389045,23012.24539282985,-1868.971859440804
8526.625605827885,11770.674642933118,-3244.049037105233
8862.282605827886,11992.16624942141,-3129.8836435935245
9131.958905827883,12287.988889250013,-3156.0299834221296
9479.081605827883,13735.978309309416,-4256.896703481532
9818.529805827884,13786.529712522288,-3967.9999066944038
18909.63336656193,18903.80533544059,5.828031121342065
18909.655766561933,18864.52478680844,45.130979753492284
18909.66246656193,18903.80533544059,5.8571311213418085
18909.60746656193,18876.03035762182,33.57710894010961
18909.596766561936,18903.80533544059,5.79143112134625
15347.719096889748,14370.974280001528,976.7448168882202
15020.98015491453,14239.946342291483,781.0338126230472
15436.864454914534,14575.353901284201,861.5105536303327
15558.150039760883,14860.850453153675,697.2995866072088
17087.904746500644,15194.677437283575,1893.227309217069
25286.9631,20898.01825484101,4388.944845158992
26147.7526,20012.90267306787,6134.849926932129
26142.969,19702.872480387556,6440.096519612445
25950.2312,19301.169270054204,6649.061929945794
26747.021,19051.23408049687,7695.786919503131
5672.689977470988,5413.504109369347,259.18586810164106
5685.837126269444,5285.3956841303525,400.4414421390911
5652.444476978968,5145.883488149395,506.56098882957303
5762.060777470988,5100.59602414817,661.4647533228181
5686.254926269445,4968.240856763685,718.0140695057598
928847.7121,1154973.3442700002,-226125.63217000023
931448.387,1166414.4333640004,-234966.04636400042
968748.5577,1179816.9533570004,-211068.39565700036
988696.2077,1234558.5997280001,-245862.3920280001
975465.7839,1247106.246259,-271640.4623589999
803065.0874000001,1389359.1225190016,-586294.0351190015
780998.5123999999,1389257.6601730017,-608259.1477730018
975194.8238000002,1390220.3935190015,-415025.5697190013
1213097.7506,1383705.1667650016,-170607.4161650017
806305.2059,1348029.502572002,-541724.296672002
174987.9975238087,180388.91499140376,-5400.917467595049
177629.68239419028,181596.62757788,-3966.945183689706
179145.41390242008,183680.267869813,-4534.853967392904
181268.25524915816,184180.4752771462,-2912.220027988049
185296.9220136939,184389.91355382092,907.0084598729736
28655.7961,45061.702826428605,-16405.906726428606
30125.9845,52217.69420653811,-22091.70970653811
30575.798100000004,62956.722938524385,-32380.92483852438
33820.8767,68119.19105715859,-34298.31435715859
32651.1956,69263.1689366576,-36611.973336657604
27139.56249438308,27071.2210377171,68.34145666598124
27073.048294383083,26742.229199531423,330.81909485166034
25695.84119517225,26557.531622992596,-861.6904278203474
25345.36879438308,26477.130133057475,-1131.7613386743942
24054.95944588012,26461.03369474098,-2406.074248860863
14414.368385154634,13207.929939606565,1206.4384455480686
14413.681085154636,13191.172491721483,1222.5085934331528
17345.040541833354,12194.860016765802,5150.180525067552
17255.256279114452,11881.478198510555,5373.778080603897
17343.657141833355,11850.830793595596,5492.826348237759
27215.92269701136,21782.553518772394,5433.369178238965
26099.577097011363,21388.605893474756,4710.9712035366065
27442.116520878168,19586.552789406065,7855.5637314721025
26659.31632087817,17752.189567255235,8907.126753622935
27947.13172087817,17003.399617050192,10943.732103827977
141218.9336,120923.61427565764,20295.319324342345
141294.39470000003,123038.12192197326,18256.272778026774
141278.18910000002,123271.36259765769,18006.82650234233
137696.3831,126145.39763498072,11550.985465019286
124395.0187,128120.77627698067,-3725.7575769806717
7045.276342974991,6824.575891197141,220.7004517778505
6685.62804297499,6789.74514776521,-104.11710479021986
7716.464594795166,6791.4780265311265,924.9865682640393
7609.070994795166,6846.994740377577,762.0762544175896
6486.165894795167,6839.996036377578,-353.83014158241076
310816.7874,275228.8782243159,35587.90917568409
315706.4385,275228.8782243159,40477.56027568411
316432.43850000005,275228.8782243159,41203.56027568417
319150.8913,272629.6556859021,46521.23561409791
320139.64729999995,269323.3174718386,50816.32982816134
10284.308776464435,13433.989853405985,-3149.6810769415497
10861.23047646444,18373.70966785506,-7512.479191390619
10751.372976464438,27408.51475994497,-16657.141783480532
10851.16277646444,28582.465383285937,-17731.302606821497
10797.63417646444,31325.605357524113,-20527.97118105967
37118.5851,26486.57103216437,10632.014067835626
47155.09040000001,25451.54429772476,21703.54610227525
45075.6129,25356.321319454306,19719.291580545694
46091.0739,25085.448374459098,21005.625525540905
45687.771700000005,25147.17833167994,20540.593368320064
19575.61894368929,48828.56917133648,-29252.95022764719
18274.774456750016,52822.69080031933,-34547.91634356932
18800.567756750017,57020.54466279786,-38219.97690604784
21422.360956750017,57606.77840919287,-36184.41745244285
22564.91522096928,59412.022372730884,-36847.10715176161
3219.480726336302,3200.3261758903,19.15455044600185
3222.9723263363016,3162.097992998305,60.87433333799663
3223.391626336302,3162.097992998305,61.29363333799711
3223.5080263363025,3200.3261758903,23.1818504460025
3223.259926336302,3200.2287278903004,23.03119844600178
20227.017076464443,19349.285232218936,877.7318442455071
20425.06357646444,18741.570746536247,1683.4928299281928
20090.38417646444,17917.164518902773,2173.2196575616654
21284.58767646444,18479.855610760238,2804.7320657042037
21242.48097646444,17767.158347099212,3475.3226293652297
1614.705116867167,4717.791741312167,-3103.086624445
1383.663516867167,4717.791741312167,-3334.128224445
1510.587016867166,4717.791741312167,-3207.2047244450005
1410.9593168671668,4986.859264757662,-3575.899947890495
1534.5344168671663,5033.844476351459,-3499.3100594842927
24154.008491158183,21152.427767167268,3001.5807239909154
21605.54700287374,21152.427767167268,453.11923570647195
21341.0491336475,21152.427767167268,188.6213664802308
23986.50882345516,21152.427767167268,2834.0810562878905
28855.433796499587,21152.427767167268,7703.006029332319
6317.154496890963,11624.485158566285,-5307.3306616753225
6276.493796890963,11624.485158566285,-5347.991361675323
6280.3742053450005,11624.485158566285,-5344.110953221285
6354.657196890962,11624.485158566285,-5269.827961675323
5844.718796890962,11624.485158566285,-5779.766361675323
9511.941653029122,10267.017335192437,-755.0756821633149
9815.177342321373,10952.724414469872,-1137.5470721484999
9573.373053029118,10959.840589871075,-1386.4675368419576
9895.804386156951,10885.180883899608,-989.3764977426563
9426.011941662317,10625.488142871594,-1199.4762012092779
4888.691994726537,5026.452718134531,-137.7607234079942
4944.539615273452,5157.639893106894,-213.1002778334423
4920.334433398452,5350.621972495873,-430.28753909742045
4905.3012128515375,5361.334006213571,-456.0327933620338
5055.010046650238,5475.295966423104,-420.2859197728658
16309.89697946522,17707.85132576254,-1397.954346297318
16312.964679465224,17694.034905845732,-1381.0702263805088
16243.553279465224,17554.006060082895,-1310.4527806176702
16878.170179465225,16554.85003666265,323.320142802575
16347.166679465225,14898.852320405698,1448.3143590595264
12971.932455208282,13583.333465895754,-611.4010106874721
13274.825355208284,13727.374784091819,-452.54942888353435
14042.646008757738,13810.181775606521,232.46423315121683
13736.01247586375,13700.303942702558,35.70853316119246
13731.914263578625,14034.241966550893,-302.3277029722685
13844.341515739248,8594.627653405068,5249.71386233418
13850.930715739249,8594.667947405069,5256.26276833418
13856.082015739248,6480.265859094902,7375.816156644346
13850.663415739247,5812.475788778331,8038.1876269609165
12883.687666254787,5050.089110337907,7833.59855591688
21253.276870687954,15249.63881977473,6003.638050913225
22370.10237068796,15016.241468809545,7353.8609018784155
20258.22594639603,14916.219354579036,5342.006591816993
20701.44624639603,14920.161039378036,5781.285207017994
20092.82924639603,14855.624119435797,5237.205126960234
3498.787334598864,3578.4511818185856,-79.66384721972145
3528.182734598863,3600.1654264288054,-71.98269182994227
3502.184934598863,3594.1842442635534,-91.99930966469037
3537.7585345988628,3580.325950761236,-42.56741616237332
3324.602334598863,3639.8217720089433,-315.21943741008045
27570.67898294102,27583.90865926345,-13.229676322429441
25987.96488294102,27829.796019888818,-1841.831136947796
28708.66308294102,27311.18924853086,1397.4738344101606
29458.822182941025,28626.93264895328,831.8895339877454
30192.649682941028,29954.435380980678,238.21430196034999
13780.5957944314,13035.005051023474,745.5907434079254
13222.853992807028,13150.159188509951,72.69480429707619
14538.802788167744,13307.354798715925,1231.447989451819
15001.269753610712,13002.82339120205,1998.446362408662
15357.160604389586,12223.637651790928,3133.522952598658
153595.35026222726,20915.657247658797,132679.69301456847
151226.43996101414,36140.08492401237,115086.35503700178
158054.97050802986,43361.23269951158,114693.73780851829
161199.51106406128,46982.72703866525,114216.78402539603
157091.95518113778,68813.810207535,88278.14497360277
5269.899341088339,5223.939000983474,45.96034010486437
5272.568141088338,5083.18730381085,189.38083727748835
5308.217841088338,4890.938274251723,417.27956683661523
5345.192641088339,4836.292435415253,508.900205673086
5252.347041088338,4745.841084145769,506.50595694256936
18455.2996002522,18131.37247886149,323.9271213907123
17928.340900252206,18751.074565944582,-822.7336656923762
18346.0826002522,21438.95866993093,-3092.8760696787285
19206.9572002522,25290.96615699531,-6084.00895674311
20353.3374002522,30387.047398151724,-10033.709997899525
2536.5478300964496,3253.9117953636096,-717.36396526716
2515.3684300964487,3337.19337202147,-821.8249419250214
2394.7062797013987,3340.628796821844,-945.9225171204453
2375.285579701398,3324.026225839156,-948.7406461377577
2412.5405797013987,3334.7184827893857,-922.177903087987
6220.149368644521,6482.547400155725,-262.39803151120395
6220.567468644521,6700.649608512555,-480.08213986803366
6220.2035686445215,7315.9772793387065,-1095.773710694185
6220.150468644521,7380.219186591026,-1160.0687179465049
6219.531268644521,7330.408741072761,-1110.8774724282393
4192.535257898381,4172.204384158726,20.330873739655544
4193.032157898381,4155.391742435572,37.64041546280896
4477.553168521066,4154.676201822201,322.87696669886554
4509.357849247354,4154.676201822201,354.68164742515364
9617.484532901788,4154.676201822201,5462.808331079587
4131.910192240302,6324.705933472002,-2192.795741231699
4382.697232669806,6597.667917642002,-2214.970684972196
4350.623070115341,7172.039822800645,-2821.4167526853043
4594.486178402354,7751.017463269672,-3156.5312848673175
4629.162719745889,7722.574286915124,-3093.4115671692343
7134.568713853952,7149.340037734068,-14.771323880115233
7244.117413853951,7148.545148261188,95.57226559276296
7281.130513853951,7129.2881946616035,151.84231919234753
7474.445331198782,7093.783718506348,380.66161269243366
7799.127576660899,7084.945099841253,714.1824768196457
6537.428707720156,6598.526510359595,-61.09780263943867
6537.783207720156,6598.526510359595,-60.74330263943921
6538.137607720156,6598.526510359595,-60.38890263943904
6538.492107720156,6598.526510359595,-60.03440263943867
6538.846207720156,6581.7998298719995,-42.953622151843774
306746.51969999995,291039.66700400005,15706.8526959999
310177.5142,277366.9328474913,32810.581352508685
305945.829,257545.7424114913,48400.08658850874
307483.85300000006,249894.3158584914,57589.537141508656
305135.6951,248635.5257454914,56500.1693545086
4457.76241123707,4556.115498683506,-98.3530874464359
4458.081111237068,4556.0766086835065,-97.9954974464381
4458.428411237071,4556.2340059785065,-97.80559474143593
4459.322811237072,4556.4374909785065,-97.11467974143488
4459.73311123707,4556.989756978506,-97.25664574143593
13653.51036805485,12391.945230620331,1261.565137434518
13651.53626805485,12391.945230620331,1259.5910374345185
13654.61346805485,12391.96223662033,1262.65123143452
13653.61386805485,12391.96223662033,1261.6516314345208
13648.09166805485,12589.40239225346,1058.689275801391
39277.73602881096,38151.44319383208,1126.2928349788854
39791.31696381723,38154.086004470024,1637.2309593472091
40628.532629171226,38154.086004470024,2474.4466247012024
40823.98279774704,38167.335872669064,2656.6469250779774
40282.902341958245,38181.93124464879,2100.971097309455
4254.750887557676,4125.505861988347,129.2450255693293
4482.46209306305,3941.6723696304102,540.7897234326397
4331.296287557675,3690.617046996804,640.6792405608708
4427.225193063051,3120.697150509589,1306.528042553462
4530.3265930630505,3091.162219477052,1439.1643735859984
8739.263695256122,8105.405598745554,633.8580965105684
8739.655095256123,7760.580815584777,979.0742796713457
8739.98509992279,7804.625093319853,935.3600066029367
8739.38039992279,7804.625093319853,934.7553066029368
8739.353295256122,7816.584274292586,922.7690209635357
37546.8086,41605.54362933616,-4058.735029336167
38626.89110000001,41536.87966617484,-2909.988566174834
38748.023,43482.13829175681,-4734.115291756811
39004.03390000001,58844.327193997626,-19840.293293997616
39040.5526,57359.91872816002,-18319.366128160014
107151.11491686715,94928.55103251104,12222.563884356117
104214.35331686716,89864.83170006749,14349.52161679967
106123.15941686716,88098.78435497923,18024.375061887928
99808.88581686716,70852.04443673858,28956.84138012858
97939.69361686715,64130.47849904715,33809.21511782
180864.47634476988,191385.32169885698,-10520.845354087098
184311.22640984747,189849.8934169599,-5538.667007112439
191531.55755955933,187560.52547055113,3971.032089008193
192384.3025191865,183868.93306442053,8515.369454765954
204969.6095595593,183868.93306442053,21100.67649513876
18648.11598644236,19203.23496920779,-555.1189827654307
19348.16065608504,19203.23496920779,144.92568687724997
18126.39220698928,19246.92132940381,-1120.5291224145294
17138.19839032999,19246.92132940381,-2108.7229390738175
21898.626640061084,19246.92132940381,2651.705310657275
2090.035013090974,2185.074684004432,-95.03967091345794
2090.480513090975,2185.074684004432,-94.59417091345722
2090.443413090975,2185.074684004432,-94.63127091345723
2090.4916130909746,2185.074684004432,-94.5830709134575
2090.232813090975,2185.074684004432,-94.84187091345711
26461.121494607338,19071.84945044507,7389.27204416227
23809.3130751615,19280.997585217487,4528.315489944012
24772.747067963457,19383.23570010001,5389.511367863448
27461.25280450545,19679.643264462917,7781.609540042533
25259.95548682784,20358.808973350155,4901.1465134776845
74316.58121524,78037.8497194858,-3721.2685042458033
72563.24364716883,77884.97471816019,-5321.731070991358
71856.47979171318,80509.41139296674,-8652.931601253556
71646.31806935763,82249.39982564113,-10603.0817562835
66069.59294554031,89049.27204157141,-22979.679096031105
952.0678604001652,1030.9195965341278,-78.85173613396262
890.0972929520784,1030.9195965341278,-140.82230358204936
892.7096159405685,1061.179136813602,-168.46952087303362
987.0645604001652,1077.4382600306083,-90.37369963044307
903.0831159405687,1054.7689868826853,-151.6858709421166
18523.09922907781,11283.679867851995,7239.419361225813
18517.51012907781,11011.533959801443,7505.976169276368
18134.85552907781,10776.118637667838,7358.736891409972
18697.407729077808,10749.861236364433,7947.546492713374
16754.23012907781,10647.148955584811,6107.081173492998
26624.19754241357,18037.71533608688,8586.482206326691
26229.75064241357,17930.38502142521,8299.365620988363
26495.34774241357,17930.38502142521,8564.962720988362
26553.98674241358,17930.38502142521,8623.601720988372
26870.07094241357,17935.05599642521,8935.014945988361
14720.262764120927,12920.986974344756,1799.2757897761712
15220.814064120928,12283.903843109836,2936.9102210110923
15850.234864120928,12382.679097303504,3467.5557668174242
16455.077364120927,12651.0603009751,3804.0170631458277
17188.27725150866,12767.316033448393,4420.961218060269
147690.5458982093,185348.16646373627,-37657.62056552697
149611.86667874237,192172.7977058647,-42560.93102712234
151600.38110090775,191659.07337611838,-40058.69227521063
152862.73375841527,205488.41327344277,-52625.6795150275
154933.1874610386,194781.38365493185,-39848.196193893265
3235.7965680783536,4449.037464081651,-1213.2408960032972
3235.792968078353,4448.985819009984,-1213.1928509316308
3235.806268078353,4449.037464081651,-1213.231196003298
3235.868268078353,4449.091917153318,-1213.2236490749647
3235.865868078353,4449.091917153318,-1213.226049074965
3512.9616830485115,3954.394491959785,-441.43280891127324
3665.208983048512,4080.1610585979524,-414.95207554944045
3594.941783048512,4137.955890978937,-543.0141079304244
3775.318083048512,4066.161738870719,-290.843655822207
3750.481283048512,4057.8681669735233,-307.38688392501126
7417.851595522534,6762.796468468113,655.0551270544211
7152.142876118201,6969.511069107993,182.63180701020792
7419.329095522534,6969.097635107993,450.2314604145413
7419.099895522534,7035.275129954443,383.8247655680907
7412.9957955225345,8375.64089873375,-962.6451032112163
3203.2117725580283,5377.612854308521,-2174.4010817504923
3636.582711794816,6578.318234625209,-2941.7355228303927
3968.313833790984,8314.370166345036,-4346.056332554052
4012.5142316076367,9301.38132197677,-5288.8670903691345
3307.7617316076385,12115.718802340642,-8807.957070733002
21778.73447646444,19557.685401626266,2221.0490748381744
21885.24157646444,18764.581417661375,3120.6601588030644
22268.96187646444,17795.978152482843,4472.983723981597
24922.31887646444,17792.211345036147,7130.107531428293
24753.823076464443,17512.326908912604,7241.496167551839
140002.084206837,374681.1166266452,-234679.0324198082
147051.703306837,395856.86075845925,-248805.15745162225
148751.69448833718,399475.6564718664,-250723.96198352924
150991.77837389064,409443.48410641437,-258451.70573252373
155486.42841264466,426415.2125014144,-270928.78408876975
11347.722479827618,11418.889232737945,-71.16675291032698
11349.626679827616,11419.528990737943,-69.90231091032729
11283.041594188173,11419.06338688155,-136.02179269337648
11283.680694188171,11416.039588134947,-132.35889394677542
11281.777394188171,11409.322036333506,-127.54464214533436
6475.641756153056,6929.127336023946,-453.4855798708895
6718.859774292268,7219.679496255594,-500.8197219633257
6867.719294979243,7795.702895732127,-927.9836007528838
7250.478574292267,8045.234793745862,-794.7562194535949
7515.26330008189,8226.684695598613,-711.4213955167234
9763.459829941366,9570.069326729305,193.39050321206196
9841.782732906651,9621.169177785456,220.61355512119553
9810.63613290665,9448.243532548826,362.39260035782354
10456.109695434274,9365.01821497364,1091.0914804606346
10227.168636272048,9125.67283445247,1101.4958018195775
38189.6499859678,30058.46236105797,8131.187624909831
38242.73328596779,28400.520725077502,9842.21256089029
38740.353085967785,27284.41608781381,11455.936998153975
38646.11338596779,25289.42516455295,13356.688221414835
38912.47058596779,22062.66841675672,16849.802169211074
59648.12673088945,81405.8848771296,-21757.75814624015
61914.97273088945,81405.8848771296,-19490.912146240153
59776.46939023773,81405.8848771296,-21629.41548689187
62306.50624271359,81405.8848771296,-19099.37863441601
62343.20133088946,81405.8848771296,-19062.683546240143
123493.71261982036,116461.94333513155,7031.769284688809
123426.86242585622,111964.4160763713,11462.446349484919
123842.10432774638,111799.46032178195,12042.644005964423
124650.1514008749,113457.46760043663,11192.683800438273
124108.3760030804,113917.2704425728,10191.105560507596
101986.8448,99316.68208582372,2670.1627141762874
107441.1794,99903.9803771809,7537.199022819099
110524.6003,100002.24379763372,10522.356502366281
111595.1095,101304.6240101462,10290.485489853803
111745.2361,101667.43701336009,10077.799086639905
120891.4351092687,101539.8538250222,19351.581284246495
126142.05930926868,103814.02378509725,22328.035524171428
134151.3633092687,97672.71778642952,36478.64552283917
124176.2813092687,94260.00547349462,29916.275835774082
123319.9002092687,89414.43015657742,33905.47005269128
43028.5411,37447.77571857279,5580.765381427213
46984.7705,35383.97453154427,11600.795968455728
47877.5806,35373.43017454427,12504.15042545573
50606.0782,34261.90083501283,16344.177364987176
53177.5543,34270.81630741819,18906.737992581817
14418.100565385892,14728.557206757692,-310.4566413718003
13881.557433141834,14520.828222339984,-639.2707891981499
14213.278029690646,14751.100940551993,-537.8229108613468
14286.373382020396,14691.746424380057,-405.37304235966076
14419.846598496828,14744.118565782275,-324.2719672854473
31208.043472677506,27133.83381561636,4074.2096570611466
24321.29837267752,27148.244939259483,-2826.9465665819625
24052.805672677503,25989.865416348777,-1937.0597436712742
30468.87037267751,25174.680412714384,5294.189959963125
31826.276772677506,25583.945602146727,6242.331170530779
98077.0808,91282.11023143039,6794.97056856961
101253.61520000004,91279.98379443039,9973.631405569657
99759.0378,91407.64253125247,8351.39526874754
98284.2961,91968.25571725245,6316.040382747553
92531.8512,92506.74227725244,25.108922747560428
6108.597678442672,4780.976457768124,1327.6212206745477
6351.867478442671,4709.617236216988,1642.250242225683
6453.772678442671,4657.420707763671,1796.3519706790003
6493.321578442671,4673.058092302131,1820.2634861405404
5991.291778146475,4704.549395095812,1286.7423830506632
10141.254599999998,-241114.27350421768,251255.52810421766
11420.192300000002,-238395.39215217307,249815.58445217306
11811.6455,-238395.39215217307,250207.03765217308
10138.634700000002,-238395.39215217307,248534.02685217306
11853.634699999997,-238395.39215217307,250249.02685217306
-57952.13480000004,-187974.16318799992,130022.02838799988
-11383.129300000068,-177846.55141599997,166463.4221159999
30242.27720000005,-169910.601898,200152.87909800003
15092.09920000008,-141970.43222200003,157062.53142200012
34468.790900000015,-138298.631931,172767.42283100003
6962.24489760404,8742.868035002019,-1780.623137397979
7026.392597604039,10799.011122494747,-3772.6185248907077
7025.394997604039,11441.688103055309,-4416.293105451269
7148.63259760404,12053.331035792411,-4904.698438188371
7165.043897604039,12184.250455419724,-5019.206557815685
11448.032845672458,11472.683414655568,-24.650568983110134
11447.65840589468,11475.095470167787,-27.437064273108263
11448.040705894682,11449.903091872313,-1.8623859776307654
11448.08510589468,11449.901363719535,-1.816257824855711
11448.34280589468,11446.13636717084,2.206438723838801
9009.30384422854,8360.06587723669,649.23796699185
9010.14444422854,8162.953575069643,847.190869158896
9011.20284889521,8119.570900735217,891.6319481599921
9013.147548895207,8054.153704996365,958.993843898842
9013.562544228542,7876.001408660713,1137.5611355678284
1970.2991210080668,2198.4592627423986,-228.16014173433177
1974.742232076124,2455.2818699277304,-480.53963785160636
1972.8102210080665,2486.252819099365,-513.4425980912984
1971.6444210080672,2486.252819099365,-514.6083980912977
1972.750832076124,2486.3451180409056,-513.5942859647816
10130.107135147084,10130.876646057672,-0.7695109105879965
10130.216335147084,10130.894804057667,-0.6784689105825237
10128.782935147085,10135.516511311167,-6.7335761640824785
10129.505635147085,10135.516511311167,-6.0108761640822195
10130.156135147085,10135.51680231117,-5.360667164084589
1319.9194009800096,1410.4464414027345,-90.5270404227249
1316.78900098001,1410.4464414027345,-93.65744042272445
1321.5611009800098,1410.4314264027346,-88.87032542272482
1318.83070098001,1409.7737705405314,-90.94306956052128
1326.1943009800098,1428.730712794094,-102.5364118140842
3900.8424015573432,4024.953756911622,-124.11135535427866
3894.938601557344,4271.989976878863,-377.05137532151866
3897.162501557344,4680.076867964124,-782.9143664067801
3779.167529587464,4357.298997668319,-578.1314680808555
3881.833501557344,4683.854085003825,-802.0205834464814
13666.569235418536,13662.682449327613,3.886786090923124
13667.385535418534,13661.38254924397,6.002986174564285
13667.433635418534,13653.176667841433,14.256967577101022
13665.698735418537,13681.990128495414,-16.291393076877284
13665.543035418536,13682.72441335996,-17.181377941424216
2653.1675414226206,2649.6655192933017,3.5020221293189024
2686.3794936560234,2639.1751642060717,47.20432944995173
2657.7361414226207,2735.0034369573987,-77.26729553477799
2649.9837650329832,2737.693453630788,-87.70968859780487
2662.723141422621,2737.693453630788,-74.97031220816689
142827.24380000003,130034.62272062078,12792.621079379242
140414.9261,127674.36161880945,12740.564481190566
137244.1881,126151.39414612977,11092.793953870234
145699.059,126356.1835320219,19342.875467978112
147886.5699,126427.7082316932,21458.861668306796
17337.362800000006,17379.488932317603,-42.126132317596785
17570.662900000003,18185.11185410983,-614.4489541098264
17374.191700000003,18607.196359149468,-1233.0046591494647
18833.8996,19407.84805639807,-573.9484563980695
19714.701,19890.517059363097,-175.81605936309643
25000.767368204542,20501.534923721672,4499.23244448287
25823.17373594952,20115.76924191248,5707.40449403704
25963.1784063046,20115.76924191248,5847.40916439212
26452.26793594952,19923.368653404454,6528.899282545066
26655.839135949514,20070.317752094026,6585.521383855488
1899.832930201897,1873.8245279602672,26.00840224162971
1897.2152302018967,1828.9712719359375,68.24395826595924
1900.5839302018967,1768.0205451559377,132.56338504595897
1895.2799302018968,1733.8609189631181,161.4190112387787
1897.4234302018965,1733.4908530922862,163.9325771096103
7883.082186111744,7465.801581888533,417.2806042232105
7853.108786111743,7441.781558105704,411.32722800603915
8358.684786111744,7414.907501497193,943.7772846145508
7277.601886111743,8323.497620151471,-1045.8957340397283
7273.646186111742,8518.738277616194,-1245.0920915044517
20900.961238324315,20802.343011484438,98.61822683987702
23155.88080328316,20538.440600783677,2617.4402024994815
22915.47360504037,20097.55122341182,2817.9223816285485
24297.972205040373,19083.219903499306,5214.752301541066
24891.460604720924,18768.33693568717,6123.123669033754
11362.694140979143,5204.697053019682,6157.997087959461
11692.415078889562,5376.539272689193,6315.875806200369
11648.477704168865,5397.394904041869,6251.082800126996
11165.899240979144,5656.867884507182,5509.031356471963
10699.503140979145,5656.867884507182,5042.635256471963
5423.830497011354,2278.006248011354,3145.8242490000002
5468.364097011355,2278.006248011354,3190.357849000001
5443.140797011354,2278.006248011354,3165.1345490000003
5357.816997011356,2278.006248011354,3079.810749000002
5148.846497011355,2278.006248011354,2870.8402490000008
52548.57990109473,-9727.21833055524,62275.79823164997
52558.79240109473,-9077.596951330777,61636.38935242551
52571.78170109474,-8895.871179657244,61467.652880751986
52584.43130109473,-8787.750269476,61372.18157057073
52596.48770109474,-8630.582732170258,61227.070433265
27855.96720412677,25689.175347276752,2166.791856850017
27857.648904126767,24769.463204820506,3088.185699306261
27908.13310412677,23728.105864993082,4180.0272391336875
28115.198304126767,22891.850590585796,5223.34771354097
28203.65730412677,23107.798877029676,5095.858427097093
93196.2943430405,94142.1312910027,-945.8369479622052
93715.32524304048,96013.01639919374,-2297.6911561532615
98657.01474304048,101340.56981108178,-2683.5550680413
97585.48224304047,116162.61270502507,-18577.13046198459
96423.8150430405,115617.21561924137,-19193.400576200875
47330.3005205037,40346.78198912348,6983.518531380214
44392.356651777016,39031.61531830386,5360.741333473154
47839.02052134843,38196.98722342499,9642.033297923437
39046.38304367501,37281.1952010012,1765.187842673804
50403.867676898335,37384.54523296489,13019.322443933444
84243.70330000001,93860.21214100001,-9616.508841000003
84421.36459999999,93822.45277439166,-9401.088174391669
82320.6619,93254.88906039165,-10934.227160391645
78085.5196,93214.35754997097,-15128.83794997097
67650.3522,91589.7100095793,-23939.357809579305
13616.991601452257,11960.079968960019,1656.911632492238
12704.46053201114,11947.84031269492,756.6202193162208
13467.92703201114,11901.540608166695,1566.3864238444457
13827.50793201114,11901.540608166695,1925.9673238444448
14205.768747818576,11979.216428554359,2226.5523192642177
59860.820365794665,61549.7882843409,-1688.9679185462373
59607.94396579466,75377.92360704766,-15769.979641253005
60137.86376579466,76588.45740463237,-16450.59363883771
60122.460065794665,77693.6662590539,-17571.20619325924
60981.02796579467,79715.70860281248,-18734.68063701781
13995.12867418761,12925.924075187628,1069.2045989999824
14287.513392550114,12925.924075187628,1361.5893173624863
14137.971032365338,12925.924075187628,1212.0469571777103
14424.301234602855,12925.924075187628,1498.3771594152277
14401.355634602862,12925.924075187628,1475.431559415234
9115.404381430775,7430.676431541618,1684.7279498891576
8930.424228752621,11230.569600862833,-2300.1453721102116
7010.905201844324,15047.317893593561,-8036.412691749237
6926.88991271432,18901.011700937663,-11974.121788223343
4348.9669058821855,26856.75076678184,-22507.783860899654
17352.42045211311,15626.119661923709,1726.3007901894016
17467.94035211311,15290.389095287537,2177.5512568255726
17154.92995211311,15063.741037692607,2091.1889144205034
16628.54601589854,15076.709386591634,1551.8366293069066
16092.416315898545,15465.062162656197,627.3541532423478
15145.377876444045,15634.644487271453,-489.26661082740793
14945.22042265964,15648.512138150501,-703.291715490861
15957.66139468076,15814.095489212752,143.56590546800726
15721.609661432138,16930.900519731367,-1209.2908582992295
15604.191271341931,17171.529568535265,-1567.3382971933333
4536.6443,8047.085747335519,-3510.441447335519
5455.7278,9266.749385866417,-3811.021585866417
5892.4789,8523.964768208847,-2631.485868208847
6157.406400000001,9064.422213905984,-2907.015813905983
6141.565199999999,9719.642141373784,-3578.0769413737853
194570.4093,171182.9301189629,23387.47918103711
195444.63820000004,164892.1454804112,30552.49271958883
194562.3657,158680.505644935,35881.860055064986
199757.4632,147792.7850174943,51964.67818250571
209536.6711,146134.11854507797,63402.55255492203
7278.769288936054,7255.019910096124,23.749378839930614
7337.896689002722,7300.293976927551,37.60271207517144
7374.249107127723,7219.25768177913,154.9914253485931
7485.979107127724,7220.062669400454,265.91643772727
7448.382107127723,7225.933073362351,222.4490337653724
5532.978916867167,6317.109220632835,-784.130303765668
5485.830016867166,7730.334720428267,-2244.5047035611015
5535.410916867166,7852.317103429501,-2316.9061865623353
5646.4108168671655,7823.501489145454,-2177.0906722782884
6015.095016867168,8908.976978060924,-2893.881961193756
7258.567928607194,7255.862865038495,2.7050635686982787
7258.567928607194,7255.862865038495,2.7050635686982787
7258.567928607194,7255.862865038495,2.7050635686982787
7258.567928607194,7055.982852296468,202.58507631072553
7258.567928607194,7015.959161614028,242.60876699316577
2464.473945200408,2462.695044017877,1.778901182530717
2468.033945200408,2474.176074562265,-6.14212936185686
2469.036145200408,2474.171638562265,-5.135493361856788
2475.329945200408,2477.139375861151,-1.8094306607431463
2475.064545200408,2480.8501171730877,-5.785571972679918
30406.941638234643,31130.778339932367,-723.8367016977245
31667.67473823464,31130.778339932367,536.8963983022732
30651.38184048349,31130.778339932367,-479.3964994488779
32517.333235529703,31130.778339932367,1386.5548955973354
35694.0313066957,31130.778339932367,4563.252966763335
13180.22790948694,21603.505905436963,-8423.277995950024
13379.213030245084,21881.176678402277,-8501.963648157192
13495.0783092303,21810.3887206176,-8315.3104113873
14226.2579339648,22029.98409027232,-7803.726156307519
14037.93774665688,22187.75110309267,-8149.813356435789
17039.277374184298,16368.609311647997,670.6680625363006
17152.7350741843,16332.27548813197,820.4595860523295
17456.160448671457,16332.828715173671,1123.3317334977855
17520.059048671457,16272.950101161492,1247.1089475099652
17496.96554867146,16276.456894461591,1220.508654209867
6883.799435872996,7196.987128837683,-313.1876929646869
6275.255998793234,7312.682242328134,-1037.4262435349
6277.390398793233,7383.657221487221,-1106.2668226939886
6278.039398793233,7384.0418059548965,-1106.0024071616635
6215.159013153788,7383.261559799495,-1168.1025466457077
3182.816420699285,3222.1181594747204,-39.3017387754353
3184.488020699285,3304.314328950637,-119.8263082513522
3185.942860477063,3304.3679229506374,-118.4250624735746
3187.584260477063,3393.650669059541,-206.0664085824783
3189.2025604770624,3393.650669059541,-204.44810858247865
36341.018467202026,40958.75303434328,-4617.734567141255
37047.91286720204,40450.35522402461,-3402.4423568225757
37329.60246720203,41351.02693133255,-4021.4244641305195
38284.16556720204,48596.48349081183,-10312.317923609786
39558.02156720204,61354.18012208435,-21796.158554882306
74305.66410000001,74999.60393289864,-693.9398328986281
67366.88850000002,74846.87118989864,-7479.982689898621
68206.5558,75485.52169888753,-7278.965898887531
76068.4618,75904.16414054531,164.29765945469262
81965.47480000001,75945.90269654532,6019.572103454688
36023.14678680595,35612.2246075562,410.9221792497483
36322.219831267525,34942.25051449303,1379.9693167744917
36005.647431267535,34546.245827155,1459.401604112536
36764.89998112512,34375.55709282486,2389.342888300256
37290.080486453895,33514.614082929635,3775.4664035242604
124770.66256577888,140482.52850246572,-15711.865936686838
123322.61696577891,150105.29833089246,-26782.681365113545
122474.45750926872,151499.24940701213,-29024.791897743416
120237.18610926872,161083.61792683345,-40846.431817564735
112759.1543092687,163810.87191186164,-51051.71760259294
125244.09445457644,106483.51752085915,18760.576933717282
126293.94945457645,103998.0807493758,22295.868705200643
123219.61989451162,103886.66741030602,19332.952484205598
126317.87541207658,102381.4344120409,23936.441000035687
130976.8479844978,100907.11611603264,30069.731868465155
1024283.8942,855862.3300599989,168421.56414000108
1023927.0998,855862.3300599989,168064.76974000107
1034912.8681000002,855862.3300599989,179050.5380400013
1022096.1658000002,855862.3300599989,166233.8357400013
1023694.4316,855862.3300599989,167832.1015400011
8593.718380412522,8713.059290412515,-119.34090999999353
8596.657080412522,8712.835693412517,-116.17861299999458
8599.560280412523,8711.745389412517,-112.18510899999455
8602.344680412521,8711.161422412517,-108.81674199999543
8605.141780412521,8711.161422412517,-106.01964199999566
9597.1228,6191.865942700052,3405.256857299947
9661.0637,6310.691573252372,3350.3721267476285
9454.9303,6299.56604954315,3155.3642504568497
9478.281399999998,6289.913375833928,3188.3680241660704
9156.7472,6289.913375833928,2866.833824166072
46550.7119615871,45108.330832377396,1442.3811292097016
41914.63819214907,45237.56040875171,-3322.9222166026448
44211.79096412913,45011.981797072214,-800.1908329430807
45327.92128722115,46117.07807687031,-789.1567896491615
47176.74160885019,49852.69389015314,-2675.952281302947
3031.2851630217574,3362.3968441611178,-331.11168113936037
3866.5909741084433,3582.8339481437224,283.7570259647209
3047.9737630217573,3781.786214082224,-733.8124510604666
3039.932663021757,3786.609398095577,-746.67673507382
3050.8831630217574,3727.872922362178,-676.9897593404207
90600.82851555564,158529.68466836106,-67928.85615280543
88128.21364077335,159437.53944813585,-71309.3258073625
88038.92894077337,160493.6553487424,-72454.72640796904
87548.8877069018,156247.4776112441,-68698.5899043423
87274.84120320111,151674.34327054297,-64399.50206734186
134403.78139999998,109599.6559673988,24804.125432601184
139359.2959,107314.70804528293,32044.587854717072
153069.2374,103611.933408805,49457.30399119502
163450.09549999997,103386.0911997934,60064.004300206565
171383.62910000002,103278.8673116067,68104.76178839333
11722.070234746996,11699.986375214805,22.083859532191127
11721.875536302552,11699.986375214805,21.889161087747198
11721.893736302554,11699.986375214805,21.90736108774945
11722.087434746998,11699.986375214805,22.101059532193176
11739.701560698562,11699.632486322695,40.069074375867785
13101.211008242928,13061.325709451583,39.88529879134512
13124.508038777618,13061.325709451583,63.18232932603496
13119.619701558631,13061.325709451583,58.293992107048325
13137.277858405709,13061.325709451583,75.95214895412573
13153.118932627742,13061.325709451583,91.79322317615879
14056.192410250702,23054.56190009623,-8998.369489845527
14617.801048555782,23633.48189508436,-9015.680846528576
15030.286648555784,26120.865972519616,-11090.579323963831
16095.757414501835,26885.999980808385,-10790.24256630655
16313.168414501832,36013.374387730706,-19700.205973228876
106393.87015169927,106454.55315569947,-60.68300400019507
106048.71104663207,106454.55315569947,-405.84210906739463
101153.49554663208,106454.55315569947,-5301.057609067386
101804.31634663208,106454.55315569947,-4650.2368090673845
95970.90414663206,106454.55315569947,-10483.649009067405
98491.0263471866,22631.119284231714,75859.9070629549
97159.31155296035,21271.179161968994,75888.13239099136
97668.30820478052,20959.147388759317,76709.1608160212
98988.06279900676,20571.0206817187,78417.04211728806
96505.22185296036,20562.840479394723,75942.38137356563
